Player ID,Player Name
1642290,Aaliyah Edwards
1630462,Aari McDonald
203932,Aaron Gordon
203932,Aaron Gordon
1628988,Aaron Holiday
1628988,Aaron Holiday
1628988,Aaron Holiday
1630174,Aaron Nesmith
1630174,Aaron Nesmith
1630598,Aaron Wiggins
200747,Adam Morrison
1629476,AD Durr
1641737,Adem Bona
76504,Adrian Dantley
1627672,Aerial Powers
1627672,Aerial Powers
1628932,A'ja Wilson
1631260,AJ Green
1631100,AJ Griffin
100949,Alana Beard
101187,Alan Anderson
1629501,Alanna Smith
1629501,Alanna Smith
202692,Alec Burks
202692,Alec Burks
1630197,Aleksej Pokusevski
1642259,Alexandre Sarr
1627936,Alex Caruso
1627936,Alex Caruso
1627936,Alex Caruso
76673,Alex English
201582,Alexis Ajinça
203458,Alex Len
203458,Alex Len
1733,Al Harrington
201143,Al Horford
201143,Al Horford
201143,Al Horford
201143,Al Horford
1642293,Alissa Pili
1641648,Aliyah Boston
275,Allan Houston
947,Allen Iverson
947,Allen Iverson
201516,Allie Quigley
1628277,Allisha Gray
1628277,Allisha Gray
1628277,Allisha Gray
297,Alonzo Mourning
297,Alonzo Mourning
1630578,Alperen Şengün
202252,Alysha Clark
203826,Alyssa Thomas
204320,Amanda Zahui B
2405,Amar'e Stoudemire
2405,Amar'e Stoudemire
1641708,Amen Thompson
1629599,Amir Coffey
2760,Anderson Varejão
203083,Andre Drummond
203083,Andre Drummond
203083,Andre Drummond
203083,Andre Drummond
203083,Andre Drummond
203083,Andre Drummond
2738,Andre Iguodala
2738,Andre Iguodala
2738,Andre Iguodala
1905,Andrei Kirilenko
1641748,Andre Jackson Jr.
1889,Andre Miller
101106,Andrew Bogut
101106,Andrew Bogut
1629614,Andrew Nembhard
203952,Andrew Wiggins
203952,Andrew Wiggins
203952,Andrew Wiggins
358,Anfernee Hardaway
1629014,Anfernee Simons
201881,Angel McCoughtry
1642291,Angel Reese
1712,Antawn Jamison
1641710,Anthony Black
203076,Anthony Davis
203076,Anthony Davis
1630162,Anthony Edwards
1630162,Anthony Edwards
952,Antoine Walker
1628878,Ariel Atkins
1629481,Arike Ogunbowale
1629717,Armoni Brooks
203382,Aron Baynes
201167,Arron Afflalo
600014,Artis Gilmore
717,Arvydas Sabonis
1641709,Ausar Thompson
1630559,Austin Reaves
203085,Austin Rivers
203085,Austin Rivers
203085,Austin Rivers
203085,Austin Rivers
202340,Avery Bradley
422,Avery Johnson
1630386,Awak Kuier
1630245,Ayo Dosunmu
1628922,Azurá Stevens
1628922,Azurá Stevens
1628389,Bam Adebayo
1884,Baron Davis
100342,Becky Hammon
2732,Ben Gordon
203463,Ben McLemore
203463,Ben McLemore
1631097,Bennedict Mathurin
1641767,Ben Sheppard
1627732,Ben Simmons
1627732,Ben Simmons
1112,Ben Wallace
204335,Betnijah Laney
204335,Betnijah Laney-Hamilton
1641731,Bilal Coulibaly
100263,Bill Laimbeer
202687,Bismack Biyombo
202687,Bismack Biyombo
202687,Bismack Biyombo
201933,Blake Griffin
201933,Blake Griffin
1631104,Blake Wesley
1626246,Boban Marjanović
1626171,Bobby Portis
203992,Bogdan Bogdanović
203992,Bogdan Bogdanović
202711,Bojan Bogdanović
202711,Bojan Bogdanović
202711,Bojan Bogdanović
202711,Bojan Bogdanović
1629626,Bol Bol
1629626,Bol Bol
1629626,Bol Bol
1630538,Bones Hyland
1630538,Bones Hyland
1719,Bonzi Wells
2564,Boris Diaw
2564,Boris Diaw
921,Brad Daugherty
203078,Bradley Beal
203078,Bradley Beal
203078,Bradley Beal
202954,Brad Wanamaker
1641764,Brandin Podziemski
1630527,Brandon Boston Jr.
1629634,Brandon Clarke
1627742,Brandon Ingram
1627742,Brandon Ingram
1641706,Brandon Miller
200750,Brandon Roy
1627668,Breanna Stewart
1627668,Breanna Stewart
1629488,Brianna Turner
201896,Briann January
1641729,Brice Sensabaugh
1629524,Bridget Carleton
1628280,Brionna Jones
203398,Brittney Griner
1628279,Brittney Sykes
1628279,Brittney Sykes
1642355,Bronny James
201572,Brook Lopez
201572,Brook Lopez
1628971,Bruce Brown
1628971,Bruce Brown
1628971,Bruce Brown
1628971,Bruce Brown
1628981,Bruno Fernando
735,Bryant Reeves
1631121,Bryce McGowens
1627854,Bryn Forbes
1627854,Bryn Forbes
433,Buck Williams
1627741,Buddy Hield
1627741,Buddy Hield
1627741,Buddy Hield
1627741,Buddy Hield
2,Byron Scott
1630595,Cade Cunningham
1642286,Caitlin Clark
1631216,Caleb Houstan
1628997,Caleb Martin
1628997,Caleb Martin
1642287,Cameron Brink
1629661,Cameron Johnson
1629661,Cameron Johnson
1626166,Cameron Payne
1629629,Cam Reddish
1629629,Cam Reddish
1629629,Cam Reddish
1630560,Cam Thomas
1641715,Cam Whitmore
201496,Candace Parker
201496,Candace Parker
201496,Candace Parker
201496,Candace Parker
201499,Candice Wiggins
200665,Cappie Pondexter
1627747,Caris LeVert
1627747,Caris LeVert
1627747,Caris LeVert
2430,Carlos Boozer
1642267,Carlton Carrington
2546,Carmelo Anthony
2546,Carmelo Anthony
2546,Carmelo Anthony
2546,Carmelo Anthony
2406,Caron Butler
2406,Caron Butler
1641717,Cason Wallace
1628508,Cecilia Zandalasini
1626224,Cedi Osman
1626224,Cedi Osman
76,Cedric Ceballos
1642298,Celeste Taylor
100356,Chamique Holdsclaw
1628990,Chandler Hutchison
101112,Channing Frye
1642294,Charisma Osborne
1629646,Charles Bassey
891,Charles Oakley
1630454,Charli Collier
1497,Chauncey Billups
203833,Chelsea Gray
1630150,Chennedy Carter
1630150,Chennedy Carter
1631096,Chet Holmgren
204323,Cheyenne Parker
1629002,Chimezie Metu
203823,Chiney Ogwumike
2365,Chris Andersen
2547,Chris Bosh
2547,Chris Bosh
1628449,Chris Boucher
1629185,Chris Chiozza
1630537,Chris Duarte
1641753,Chris Livingston
904,Chris Mullin
101108,Chris Paul
101108,Chris Paul
101108,Chris Paul
101108,Chris Paul
101108,Chris Paul
101108,Chris Paul
101108,Chris Paul
101108,Chris Paul
1631128,Christian Braun
1631132,Christian Koloko
1626174,Christian Wood
1626174,Christian Wood
1626174,Christian Wood
1626174,Christian Wood
456,Chuck Person
1629643,Chuma Okeke
1629604,CJ Elleby
203468,CJ McCollum
203468,CJ McCollum
361,Clifford Robinson
203991,Clint Capela
17,Clyde Drexler
17,Clyde Drexler
1629632,Coby White
1628998,Cody Martin
1642262,Cody Williams
203469,Cody Zeller
1641732,Colby Jones
1630175,Cole Anthony
1629012,Collin Sexton
1629012,Collin Sexton
1630557,Corey Kispert
202709,Cory Joseph
202664,Courtney Vandersloot
202664,Courtney Vandersloot
1627675,Courtney Williams
1627675,Courtney Williams
1627675,Courtney Williams
1627675,Courtney Williams
1641854,Craig Porter Jr.
204325,Crystal Bradford
1630101,Crystal Dangerfield
1630101,Crystal Dangerfield
100073,Cynthia Cooper
1630625,Dalano Banton
1630625,Dalano Banton
107,Dale Ellis
1631207,Dalen Terry
1642261,Dalton Knecht
1627745,Damian Jones
203081,Damian Lillard
203081,Damian Lillard
203081,Damian Lillard
203081,Damian Lillard
1627814,Damion Lee
1627814,Damion Lee
1628422,Damyean Dotson
1630389,Dana Evans
1626156,D'Angelo Russell
1626156,D'Angelo Russell
1629655,Daniel Gafford
1629655,Daniel Gafford
202658,Danielle Robinson
1628464,Daniel Theis
1628464,Daniel Theis
1628464,Daniel Theis
1628464,Daniel Theis
201568,Danilo Gallinari
201568,Danilo Gallinari
105,Dan Majerle
76017,Danny Ainge
101122,Danny Granger
201980,Danny Green
201980,Danny Green
201980,Danny Green
203957,Dante Exum
1627863,Danuel House Jr.
1629610,DaQuan Jeffries
203967,Dario Šarić
203967,Dario Šarić
1641727,Dariq Whitehead
1629647,Darius Bazley
1629636,Darius Garland
1629636,Darius Garland
2032,Darius Miles
1628021,David Nwaba
764,David Robinson
1631223,David Roddy
1630558,Davion Mitchell
202722,Dāvis Bertāns
1630549,Day'Ron Sharpe
1628368,De'Aaron Fox
1628368,De'Aaron Fox
1629028,Deandre Ayton
1629028,Deandre Ayton
1627761,DeAndre' Bembry
1627761,DeAndre' Bembry
1629631,De'Andre Hunter
201599,DeAndre Jordan
201599,DeAndre Jordan
201599,DeAndre Jordan
100639,Deanna Nolan
1629001,De'Anthony Melton
1629001,De'Anthony Melton
1629731,Dean Wade
204324,Dearica Hamby
204324,Dearica Hamby
244,Dee Brown
1627749,Dejounte Murray
1627749,Dejounte Murray
1627749,Dejounte Murray
1627749,Dejounte Murray
100396,DeLisha Milton-Jones
209,Dell Curry
1626153,Delon Wright
1626153,Delon Wright
202326,DeMarcus Cousins
202326,DeMarcus Cousins
202326,DeMarcus Cousins
202326,DeMarcus Cousins
201942,DeMar DeRozan
201942,DeMar DeRozan
201942,DeMar DeRozan
201942,DeMar DeRozan
201942,DeMar DeRozan
1630166,Deni Avdija
1630166,Deni Avdija
23,Dennis Rodman
23,Dennis Rodman
203471,Dennis Schröder
203471,Dennis Schröder
203471,Dennis Schröder
203471,Dennis Schröder
203471,Dennis Schröder
192,Dennis Scott
1628372,Dennis Smith Jr.
1628372,Dennis Smith Jr.
1628372,Dennis Smith Jr.
1628372,Dennis Smith Jr.
1627756,Denzel Valentine
1641726,Dereck Lively II
965,Derek Fisher
157,Derek Harper
101114,Deron Williams
101114,Deron Williams
101114,Deron Williams
202324,Derrick Favors
1627884,Derrick Jones Jr.
1627884,Derrick Jones Jr.
1627884,Derrick Jones Jr.
1627884,Derrick Jones Jr.
1627884,Derrick Jones Jr.
201565,Derrick Rose
201565,Derrick Rose
201565,Derrick Rose
201565,Derrick Rose
1628401,Derrick White
1628401,Derrick White
1630217,Desmond Bane
1631089,Destanni Henderson
1626164,Devin Booker
1626164,Devin Booker
2734,Devin Harris
1630170,Devin Vassell
1628984,Devonte' Graham
1628984,Devonte' Graham
201886,DeWanna Bonner
203473,Dewayne Dedmon
1628890,Diamond DeShields
1628890,Diamond DeShields
1641649,Diamond Miller
100940,Diana Taurasi
1630459,DiDi Richards
1630096,DiJonai Carrington
87,Dikembe Mutombo
1628415,Dillon Brooks
1628415,Dillon Brooks
1717,Dirk Nowitzki
201571,D.J. Augustin
201571,D.J. Augustin
470,Doc Rivers
1627734,Domantas Sabonis
1627734,Domantas Sabonis
1627734,Domantas Sabonis
1627734,Domantas Sabonis
1122,Dominique Wilkins
1642270,Donovan Clingan
1628378,Donovan Mitchell
1628378,Donovan Mitchell
1628378,Donovan Mitchell
1628978,Donte DiVincenzo
1628978,Donte DiVincenzo
1628978,Donte DiVincenzo
1628978,Donte DiVincenzo
1628978,Donte DiVincenzo
923,Donyell Marshall
1627827,Dorian Finney-Smith
1627827,Dorian Finney-Smith
1641657,Dorka Juhász
203926,Doug McDermott
203926,Doug McDermott
203110,Draymond Green
77845,Dražen Petrović
1629234,Drew Eubanks
1629234,Drew Eubanks
1629234,Drew Eubanks
1630613,Duane Washington Jr.
1641675,Dulcy Fankam Mendjiadeu
1629130,Duncan Robinson
1641871,Duop Reath
1628407,Dwayne Bacon
2730,Dwight Howard
2730,Dwight Howard
2730,Dwight Howard
2730,Dwight Howard
203939,Dwight Powell
2548,Dwyane Wade
1629685,Dylan Windler
1630700,Dyson Daniels
1630700,Dyson Daniels
224,Eddie Jones
1628410,Edmond Sumner
1630604,E.J. Liddell
203399,Elena Delle Donne
203399,Elena Delle Donne
203901,Elfrid Payton
203901,Elfrid Payton
204322,Elizabeth Williams
1882,Elton Brand
1631083,Emily Engstler
1631083,Emily Engstler
203416,Emma Meesseman
202683,Enes Kanter
204365,Erica Wheeler
204365,Erica Wheeler
204365,Erica Wheeler
202339,Eric Bledsoe
202339,Eric Bledsoe
202339,Eric Bledsoe
201569,Eric Gordon
201569,Eric Gordon
1629672,Eric Paschall
1629672,Eric Paschall
202734,E'Twaun Moore
203095,Evan Fournier
203095,Evan Fournier
1630596,Evan Mobley
1629496,Ezi Magbegor
1630267,Facundo Campazzo
77376,Fat Lever
203105,Festus Ezeli
1628402,Frank Jackson
1626163,Frank Kaminsky
1628373,Frank Ntilikina
1630532,Franz Wagner
1627832,Fred VanVleet
1627832,Fred VanVleet
1627832,Fred VanVleet
1627788,Furkan Korkmaz
1628931,Gabby Williams
1629216,Gabe Vincent
202066,Garrett Temple
1629726,Garrison Mathews
1629726,Garrison Mathews
203914,Gary Harris
203914,Gary Harris
56,Gary Payton
1627780,Gary Payton II
1629018,Gary Trent Jr.
201588,George Hill
201588,George Hill
201588,George Hill
1627777,Georges Niang
1627777,Georges Niang
1627777,Georges Niang
2222,Gerald Wallace
786,Gerald Wilkins
1641713,GG Jackson
203507,Giannis Antetokounmpo
203507,Giannis Antetokounmpo
2240,Gilbert Arenas
299,Glenn Robinson
203922,Glenn Robinson III
779,Glen Rice
1629048,Goga Bitadze
1629048,Goga Bitadze
201609,Goran Dragić
201609,Goran Dragić
201609,Goran Dragić
201609,Goran Dragić
201609,Goran Dragić 
202330,Gordon Hayward
202330,Gordon Hayward
203476,Gorgui Dieng
1641658,Grace Berger
1641711,Gradey Dick
255,Grant Hill
1629684,Grant Williams
1629684,Grant Williams
1628960,Grayson Allen
1628960,Grayson Allen
1628960,Grayson Allen
1630535,Greg Brown III
1630611,Gui Santos
78549,Gus Williams
165,Hakeem Olajuwon
101124,Hakim Warrick
1641650,Haley Jones
1628977,Hamidou Diallo
1628977,Hamidou Diallo
1629566,Han Xu
203084,Harrison Barnes
1628385,Harry Giles
202355,Hassan Whiteside
202355,Hassan Whiteside
202355,Hassan Whiteside
1629312,Haywood Highsmith
1630529,Herbert Jones
73,Hot Rod Williams
1641816,Hunter Tyson
101133,Ian Mahinmi
1630193,Immanuel Quickley
1630193,Immanuel Quickley
1629067,Isaac Bonga
1630171,Isaac Okoro
204330,Isabelle Harrison
204330,Isabelle Harrison
1642268,Isaiah Collier
1628392,Isaiah Hartenstein
1628392,Isaiah Hartenstein
1628392,Isaiah Hartenstein
1630543,Isaiah Jackson
1630198,Isaiah Joe
1630198,Isaiah Joe
1630587,Isaiah Livers
375,Isaiah Rider
1629676,Isaiah Roby
1630191,Isaiah Stewart
202738,Isaiah Thomas
202397,Ish Smith
202397,Ish Smith
78318,Isiah Thomas
1641602,Ivana Dojkić
1641602,Ivana Dojkić
1627826,Ivica Zubac
201056,Ivory Latta
1631095,Jabari Smith Jr.
1631133,Jabari Walker
1629498,Jackie Young
1631367,Jacob Gilyard
1631210,Jacob Toppin
1642292,Jacy Sheldon
1631141,Jade Melbourne
1630702,Jaden Hardy
1631093,Jaden Ivey
1630183,Jaden McDaniels
1630531,Jaden Springer
203109,Jae Crowder
203109,Jae Crowder
203109,Jae Crowder
203109,Jae Crowder
1642240,Jaelyn Brown
1630256,Jae'Sean Tate
1631170,Jaime Jaquez Jr.
203960,JaKarr Sampson
1631222,Jake LaRavia
1627774,Jake Layman
1627751,Jakob Poeltl
1627751,Jakob Poeltl
1628973,Jalen Brunson
1628973,Jalen Brunson
1628973,Jalen Brunson
1631105,Jalen Duren
1630224,Jalen Green
1641720,Jalen Hood-Schifino
1630552,Jalen Johnson
1629667,Jalen McDaniels
1629618,Jalen Pickett
147,Jalen Rose
1630188,Jalen Smith
1630188,Jalen Smith
1630591,Jalen Suggs
1631114,Jalen Williams
1630592,Jalen Wilson
2037,Jamal Crawford
469,Jamal Mashburn
1627750,Jamal Murray
2749,Jameer Nelson
1630547,James Bouknight
203516,James Ennis III
201935,James Harden
201935,James Harden
201935,James Harden
201935,James Harden
201935,James Harden
201935,James Harden
201949,James Johnson
201949,James Johnson
201949,James Johnson
1630164,James Wiseman
1630164,James Wiseman
1460,James Worthy
1629630,Ja Morant
1629630,Ja Morant
203210,JaMychal Green
203210,JaMychal Green
1641716,Jarace Walker
1630215,Jared Butler
2407,Jared Jeffries
1642272,Jared McCain
1628991,Jaren Jackson Jr.
1628991,Jaren Jackson Jr.
1629020,Jarred Vanderbilt
1629020,Jarred Vanderbilt
1629020,Jarred Vanderbilt
1629714,Jarrell Brantley
1628386,Jarrett Allen
1628386,Jarrett Allen
1628386,Jarrett Allen
1629633,Jarrett Culver
101127,Jarrett Jack
101127,Jarrett Jack
202662,Jasmine Thomas
467,Jason Kidd
467,Jason Kidd
467,Jason Kidd
2202,Jason Richardson
201160,Jason Smith
1715,Jason Williams
201580,JaVale McGee
201580,JaVale McGee
201580,JaVale McGee
201580,JaVale McGee
1631241,Javon Freeman-Liberty
1629750,Javonte Green
1629637,Jaxson Hayes
1629637,Jaxson Hayes
1627759,Jaylen Brown
1627759,Jaylen Brown
1629669,Jaylen Nowell
1631119,Jaylin Williams
1642320,Jaylyn Sherrod
1628369,Jayson Tatum
1628369,Jayson Tatum
1628369,Jayson Tatum
201145,Jeff Green
201145,Jeff Green
201145,Jeff Green
204,Jeff Hornacek
204,Jeff Hornacek
117,Jeff Malone
201952,Jeff Teague
100382,Jennifer Azzi
203924,Jerami Grant
203924,Jerami Grant
203924,Jerami Grant
203924,Jerami Grant
203924,Jerami Grant
1630526,Jeremiah Robinson-Earl
203087,Jeremy Lamb
203087,Jeremy Lamb
1631110,Jeremy Sochan
1630579,Jericho Sims
979,Jermaine O'Neal
711,Jerry Stackhouse
711,Jerry Stackhouse
1629491,Jessica Shepard
1641724,Jett Howard
1628975,Jevon Carter
1628975,Jevon Carter
204319,Jewell Loyd
204319,Jewell Loyd
202710,Jimmy Butler
202710,Jimmy Butler
202710,Jimmy Butler
200826,J.J. Barea
200755,JJ Redick
200755,JJ Redick
200755,JJ Redick
200755,JJ Redick
201149,Joakim Noah
1629111,Jock Landale
1629111,Jock Landale
1629111,Jock Landale
76353,Joe Barry Carroll
203925,Joe Harris
204060,Joe Ingles
204060,Joe Ingles
2207,Joe Johnson
203954,Joel Embiid
203954,Joel Embiid
1628381,John Collins
1628381,John Collins
203089,John Henson
1629723,John Konchar
1631098,Johnny Davis
202322,John Wall
202322,John Wall
202322,John Wall
202685,Jonas Valančiūnas
202685,Jonas Valančiūnas
202685,Jonas Valančiūnas
1628371,Jonathan Isaac
1630228,Jonathan Kuminga
1627673,Jonquel Jones
1627673,Jonquel Jones
1629007,Jontay Porter
203903,Jordan Clarkson
203903,Jordan Clarkson
1630692,Jordan Goodwin
1641722,Jordan Hawkins
1641651,Jordan Horston
1629162,Jordan McLaughlin
1629670,Jordan Nwora
1629670,Jordan Nwora
1629673,Jordan Poole
1629673,Jordan Poole
1641775,Jordan Walsh
1628886,Jordin Canada
1628886,Jordin Canada
1628886,Jordin Canada
1630631,Jose Alvarado
101181,José Calderón
101181,José Calderón
1630528,Josh Christopher
1630581,Josh Giddey
1630182,Josh Green
1628404,Josh Hart
1628404,Josh Hart
1628404,Josh Hart
1628404,Josh Hart
1628367,Josh Jackson
1628367,Josh Jackson
1631169,Josh Minott
1629006,Josh Okogie
1629006,Josh Okogie
1626196,Josh Richardson
1626196,Josh Richardson
1626196,Josh Richardson
1626196,Josh Richardson
2746,Josh Smith
2746,Josh Smith
1630563,Joshua Primo
1630115,Joyner Holmes
2747,J.R. Smith
201950,Jrue Holiday
201950,Jrue Holiday
201950,Jrue Holiday
1630550,JT Thor
1627823,Juancho Hernangómez
1629308,Juan Toscano-Anderson
1641763,Julian Phillips
1631124,Julian Strawther
1627700,Julie Allemand
1642210,Julie Vanloo
203944,Julius Randle
203944,Julius Randle
203944,Julius Randle
203200,Justin Holiday
1626159,Justise Winslow
1626159,Justise Winslow
203994,Jusuf Nurkić
203994,Jusuf Nurkić
1627674,Kahleah Copper
1627674,Kahleah Copper
1630539,Kai Jones
1629480,Kalani Brown
1642289,Kamilla Cardoso
1626157,Karl-Anthony Towns
1626157,Karl-Anthony Towns
1626157,Karl-Anthony Towns
1628317,Karlie Samuelson
252,Karl Malone
1642324,Kate Martin
1629478,Katie Lou Samuelson
1629478,Katie Lou Samuelson
100404,Katie Smith
202695,Kawhi Leonard
202695,Kawhi Leonard
202695,Kawhi Leonard
202695,Kawhi Leonard
203825,Kayla McBride
203866,Kayla Thornton
1631099,Keegan Murray
1628966,Keita Bates-Diop
1629103,Kelan Martin
1629640,Keldon Johnson
1642276,Kel'el Ware
203482,Kelly Olynyk
203482,Kelly Olynyk
203482,Kelly Olynyk
203482,Kelly Olynyk
203482,Kelly Olynyk
203482,Kelly Olynyk
1626162,Kelly Oubre Jr.
1626162,Kelly Oubre Jr.
1626162,Kelly Oubre Jr.
1626162,Kelly Oubre Jr.
1628909,Kelsey Mitchell
1628276,Kelsey Plum
1628276,Kelsey Plum
202689,Kemba Walker
202689,Kemba Walker
202689,Kemba Walker
383,Kendall Gill
1629134,Kendrick Nunn
2570,Kendrick Perkins
1629568,Kennedy Burke
1631113,Kennedy Chandler
202702,Kenneth Faried
1631254,Kenneth Lofton Jr.
1629026,Kenrich Williams
203484,Kentavious Caldwell-Pope
203484,Kentavious Caldwell-Pope
203484,Kentavious Caldwell-Pope
203484,Kentavious Caldwell-Pope
203145,Kent Bazemore
2030,Kenyon Martin
2030,Kenyon Martin
1630231,Kenyon Martin Jr.
1631165,Keon Ellis
1630556,Kessler Edwards
201142,Kevin Durant
201142,Kevin Durant
201142,Kevin Durant
201142,Kevin Durant
708,Kevin Garnett
708,Kevin Garnett
708,Kevin Garnett
1628989,Kevin Huerter
1628989,Kevin Huerter
134,Kevin Johnson
1628995,Kevin Knox
1628995,Kevin Knox II
201567,Kevin Love
201567,Kevin Love
201567,Kevin Love
2755,Kevin Martin
2755,Kevin Martin
1450,Kevin McHale
1629645,Kevin Porter Jr.
1629645,Kevin Porter Jr.
788,Kevin Willis
1626172,Kevon Looney
1641718,Keyonte George
203920,Khem Birch
203920,Khem Birch
203114,Khris Middleton
203114,Khris Middleton
204329,Kiah Stokes
1628915,Kia Nurse
1628915,Kia Nurse
78404,Kiki Vandeweghe
1630165,Killian Hayes
1629681,Killian Tillie
1630184,Kira Lewis Jr.
2550,Kirk Hinrich
202691,Klay Thompson
202691,Klay Thompson
1641738,Kobe Brown
1641723,Kobe Bufkin
1627739,Kris Dunn
1631200,Kris Murray
204001,Kristaps Porziņģis
204001,Kristaps Porziņģis
204001,Kristaps Porziņģis
204001,Kristaps Porziņģis
201911,Kristi Toliver
1628929,Kristy Wallace
1628929,Kristy Wallace
77905,Kurt Rambis
1629065,Ky Bowman
203937,Kyle Anderson
203937,Kyle Anderson
203937,Kyle Anderson
2594,Kyle Korver
2594,Kyle Korver
1628398,Kyle Kuzma
1628398,Kyle Kuzma
200768,Kyle Lowry
200768,Kyle Lowry
200768,Kyle Lowry
200768,Kyle Lowry
202681,Kyrie Irving
202681,Kyrie Irving
202681,Kyrie Irving
202681,Kyrie Irving
1630438,Kysre Gondrezick
1629644,KZ Okpala
200746,LaMarcus Aldridge
200746,LaMarcus Aldridge
200746,LaMarcus Aldridge
1885,Lamar Odom
1885,Lamar Odom
1630205,Lamar Stevens
1630163,LaMelo Ball
1630163,LaMelo Ball
202362,Lance Stephenson
1629013,Landry Shamet
1629013,Landry Shamet
1629013,Landry Shamet
1629013,Landry Shamet
204038,Langston Galloway
1449,Larry Bird
913,Larry Johnson
77685,Larry Nance
1626204,Larry Nance Jr.
1626204,Larry Nance Jr.
202336,Larry Sanders
84,Latrell Sprewell
100682,Lauren Jackson
1628374,Lauri Markkanen
1628374,Lauri Markkanen
1628374,Lauri Markkanen
1628374,Lauri Markkanen
203406,Layshia Clarendon
203406,Layshia Clarendon
2571,Leandro Barbosa
2544,LeBron James
2544,LeBron James
2544,LeBron James
2544,LeBron James
1631159,Leonard Miller
1630142,Leonie Fiebich
1631311,Lester Quinones
1628882,Lexie Brown
1631086,Lexie Hull
1641642,Li Meng
1628263,Lindsay Allen
1628263,Lindsay Allen
100915,Lindsay Whalen
100915,Lindsay Whalen
1630322,Lindy Waters III
100003,Lisa Leslie
1629574,Li Yueru
202633,Liz Cambage
1629022,Lonnie Walker
1629022,Lonnie Walker IV
1629022,Lonnie Walker IV
1629022,Lonnie Walker IV
1628366,Lonzo Ball
1628366,Lonzo Ball
1628366,Lonzo Ball
1641661,Lou Lopez Sénéchal
101150,Lou Williams
101150,Lou Williams
101150,Lou Williams
1629652,Luguentz Dort
1629029,Luka Dončić
1629029,Luka Dončić
1628379,Luke Kennard
1628379,Luke Kennard
1628436,Luke Kornet
1628436,Luke Kornet
2557,Luke Ridnour
2575,Luke Walton
2736,Luol Deng
1630644,Mac McClung
1641652,Maddy Siegrist
77142,Magic Johnson
51,Mahmoud Abdul-Rauf
1630201,Malachi Flynn
1631103,Malaki Branham
1627763,Malcolm Brogdon
1627763,Malcolm Brogdon
1627763,Malcolm Brogdon
1627763,Malcolm Brogdon
1627736,Malik Beasley
1627736,Malik Beasley
1627736,Malik Beasley
1627736,Malik Beasley
1628370,Malik Monk
1628370,Malik Monk
1628370,Malik Monk
1938,Manu Ginobili
1938,Manu Ginóbili
76195,Manute Bol
201188,Marc Gasol
201188,Marc Gasol
101162,Marcin Gortat
948,Marcus Camby
948,Marcus Camby
202694,Marcus Morris
202694,Marcus Morris Sr.
202694,Marcus Morris Sr.
1631204,Marcus Sasser
203935,Marcus Smart
203935,Marcus Smart
1629497,Marina Mabrey
1629497,Marina Mabrey
1629497,Marina Mabrey
1629546,Marine Johannès
201596,Mario Chalmers
201596,Mario Chalmers
1630699,MarJon Beauchamp
76016,Mark Aguirre
76631,Mark Eaton
1628365,Markelle Fultz
1628365,Markelle Fultz
202693,Markieff Morris
349,Mark Jackson
899,Mark Price
1631109,Mark Williams
1627737,Marquese Chriss
1642301,Marquesha Davis
1628963,Marvin Bagley III
1628963,Marvin Bagley III
1628963,Marvin Bagley III
1630222,Mason Jones
203486,Mason Plumlee
203486,Mason Plumlee
1641824,Matas Buzelis
1629680,Matisse Thybulle
1629680,Matisse Thybulle
2440,Matt Barnes
203521,Matthew Dellavedova
1630346,Matt Ryan
76385,Maurice Cheeks
203090,Maurice Harkless
1631108,Max Christie
1628467,Maxi Kleber
1629622,Max Strus
1629622,Max Strus
1641721,Maxwell Lewis
202632,Maya Moore
1629484,Megan Gustafson
1629484,Megan Gustafson
1897,Metta World Peace
1630446,Michaela Onyenwere
1630446,Michaela Onyenwere
1630446,Michaela Onyenwere
262,Michael Cage
203487,Michael Carter-Williams
203487,Michael Carter-Williams
76444,Michael Cooper
714,Michael Finley
714,Michael Finley
1629008,Michael Porter Jr.
2072,Michael Redd
1628969,Mikal Bridges
1628969,Mikal Bridges
1628969,Mikal Bridges
1710,Mike Bibby
201144,Mike Conley
201144,Mike Conley
201144,Mike Conley
1628455,Mike James
2034,Mike Miller
203488,Mike Muscala
1628970,Miles Bridges
1630540,Miles McBride
1629011,Mitchell Robinson
782,Mitch Richmond
1628964,Mo Bamba
1628881,Monique Billings
1628881,Monique Billings
101145,Monta Ellis
1628420,Monte Morris
1628420,Monte Morris
1628420,Monte Morris
1626149,Montrezl Harrell
1626149,Montrezl Harrell
1626149,Montrezl Harrell
1626149,Montrezl Harrell
1629571,Morgan Bertsch
1627669,Moriah Jefferson
1629021,Moritz Wagner
1629021,Moritz Wagner
2050,Morris Peterson
1629650,Moses Brown
1630541,Moses Moody
1631243,Mouhamed Gueye
2590,Mo Williams
2590,Mo Williams
177,Muggsy Bogues
1628539,Mychal Mulder
1628899,Myisha Hines-Allen
1628899,Myisha Hines-Allen
1626167,Myles Turner
1630230,Naji Marshall
1631019,NaLyssa Smith
1629483,Napheesa Collier
1629642,Nassir Little
204333,Natasha Cloud
204333,Natasha Cloud
203827,Natasha Howard
203827,Natasha Howard
1630442,Natasha Mack
101126,Nate Robinson
1630233,Nathan Knight
1629567,Natisha Hiedeman
1629567,Natisha Hiedeman
1631044,Naz Hillmon
1629675,Naz Reid
1629674,Neemias Queta
202357,Nemanja Bjelica
202357,Nemanja Bjelica
2403,Nenê
2403,Nenê
203457,Nerlens Noel
203457,Nerlens Noel
1628269,Nia Coffey
1629651,Nic Claxton
2555,Nick Collison
1629638,Nickeil Alexander-Walker
1629638,Nickeil Alexander-Walker
1630208,Nick Richards
1641733,Nick Smith Jr.
89,Nick Van Exel
201156,Nick Young
201587,Nicolas Batum
201587,Nicolas Batum
201587,Nicolas Batum
1630185,Nico Mannion
1642299,Nika Mühl
203999,Nikola Jokić
203999,Nikola Jokić
1631107,Nikola Jović
202696,Nikola Vučević
202696,Nikola Vučević
202696,Nikola Vučević
1631263,Nikolina Milic
203014,Nneka Ogwumike
203014,Nneka Ogwumike
1641730,Noah Clowney
1626181,Norman Powell
1626181,Norman Powell
1626181,Norman Powell
1631055,Nyara Sabally
1630167,Obi Toppin
1630167,Obi Toppin
1630534,Ochai Agbaji
203824,Odyssey Sims
203824,Odyssey Sims
1628384,OG Anunoby
1628384,OG Anunoby
1630151,Olivia Époupa
1631135,Olivia Nelson-Ododa
1641765,Olivier-Maxence Prosper
1630209,Omer Yurtseven
201956,Omri Casspi
1641931,Onuralp Bitim
1630168,Onyeka Okongwu
1629052,Oshae Brissett
901,Otis Thorpe
203490,Otto Porter Jr.
203490,Otto Porter Jr.
203490,Otto Porter Jr.
1631172,Ousmane Dieng
1642359,Pacôme Dadiet
1631094,Paolo Banchero
1631094,Paolo Banchero
1627783,Pascal Siakam
1627783,Pascal Siakam
1626192,Pat Connaughton
1631116,Patrick Baldwin Jr.
201976,Patrick Beverley
201976,Patrick Beverley
201976,Patrick Beverley
201976,Patrick Beverley
201976,Patrick Beverley
121,Patrick Ewing
1630172,Patrick Williams
201988,Patty Mills
201988,Patty Mills
2200,Pau Gasol
202331,Paul George
202331,Paul George
202331,Paul George
202331,Paul George
200794,Paul Millsap
200794,Paul Millsap
200794,Paul Millsap
1718,Paul Pierce
1718,Paul Pierce
1718,Paul Pierce
1630194,Paul Reed
1630202,Payton Pritchard
978,Peja Stojaković
1641796,Pelle Larsson
1631212,Peyton Watson
1628408,PJ Dozier
200782,P.J. Tucker
200782,P.J. Tucker
200782,P.J. Tucker
200782,P.J. Tucker
1629023,P.J. Washington
1629023,P.J. Washington
1630173,Precious Achiuwa
1630173,Precious Achiuwa
1630173,Precious Achiuwa
1631031,Queen Egbo
1629656,Quentin Grimes
1629656,Quentin Grimes
2047,Quentin Richardson
1627671,Rachel Banham
1630996,Rae Burrell
200765,Rajon Rondo
200765,Rajon Rondo
200765,Rajon Rondo
200765,Rajon Rondo
1740,Rashard Lewis
203526,Raul Neto
951,Ray Allen
951,Ray Allen
951,Ray Allen
1641712,Rayan Rupert
101109,Raymond Felton
204296,Rebecca Allen
204296,Rebecca Allen
203822,Rebekah Gardner
1642263,Reed Sheppard
203493,Reggie Bullock
203493,Reggie Bullock
202704,Reggie Jackson
202704,Reggie Jackson
202704,Reggie Jackson
1629617,Reggie Perry
78310,Reggie Theus
1631009,Rhyne Howard
1888,Richard Hamilton
1888,Richard Hamilton
2210,Richard Jefferson
2210,Richard Jefferson
1626158,Richaun Holmes
1642288,Rickea Jackson
1641741,Ricky Council IV
894,Ricky Pierce
201937,Ricky Rubio
201937,Ricky Rubio
201937,Ricky Rubio
22,Rik Smits
203029,Riquna Williams
1629628,RJ Barrett
1629628,RJ Barrett
1630181,R.J. Hampton
203496,Robert Covington
203496,Robert Covington
1642265,Robert Dillingham
109,Robert Horry
123,Robert Pack
305,Robert Parish
1629057,Robert Williams III
1629057,Robert Williams III
201577,Robin Lopez
201577,Robin Lopez
1622,Rodney McCray
393,Rod Strickland
76176,Rolando Blackman
1629641,Romeo Langford
1641842,Ronald Holland II
166,Ron Harper
1626220,Royce O'Neale
1626220,Royce O'Neale
1626220,Royce O'Neale
201579,Roy Hibbert
200752,Rudy Gay
200752,Rudy Gay
203497,Rudy Gobert
203497,Rudy Gobert
203497,Rudy Gobert
203497,Rudy Gobert
1629060,Rui Hachimura
1629060,Rui Hachimura
1630957,Rui Machida
201566,Russell Westbrook
201566,Russell Westbrook
201566,Russell Westbrook
201566,Russell Westbrook
201566,Russell Westbrook
1630240,Saben Lee
1629477,Sabrina Ionescu
1630180,Saddiq Bey
1630180,Saddiq Bey
208,Sam Cassell
1630573,Sam Hauser
1628244,Sami Whitcomb
1628244,Sami Whitcomb
1630241,Sam Merrill
1630241,Sam Merrill
64,Sam Perkins
1630583,Santi Aldama
1628426,Sasha Vezenkov
1630149,Satou Sabally
1630703,Scoot Henderson
1630567,Scottie Barnes
1630567,Scottie Barnes
101,Scott Skiles
1630253,Sean McDermott
200671,Seimone Augustus
1629635,Sekou Doumbouya
1628400,Semi Ojeleye
201586,Serge Ibaka
201586,Serge Ibaka
201586,Serge Ibaka
201586,Serge Ibaka
203552,Seth Curry
203552,Seth Curry
203552,Seth Curry
1642244,Sevgi Uzun
203894,Shabazz Napier
1631101,Shaedon Sharpe
1628983,Shai Gilgeous-Alexander
1628983,Shai Gilgeous-Alexander
1628983,Shai Gilgeous-Alexander
1629003,Shake Milton
1631022,Shakira Austin
2203,Shane Battier
406,Shaquille O'Neal
406,Shaquille O'Neal
1628278,Shatori Walker-Kimbrough
2733,Shaun Livingston
762,Shawn Bradley
431,Shawn Kemp
1890,Shawn Marion
1890,Shawn Marion
100072,Sheryl Swoopes
203035,Shey Peddy
1631321,Sidy Cissoko
1631323,Simone Fontecchio
1631323,Simone Fontecchio
203400,Skylar Diggins-Smith
203400,Skylar Diggins-Smith
1630219,Skylar Mays
1630219,Skylar Mays
76726,Sleepy Floyd
2470,Smush Parker
203524,Solomon Hill
200674,Sophia Young-Malcolm
1629482,Sophie Cunningham
203915,Spencer Dinwiddie
203915,Spencer Dinwiddie
203915,Spencer Dinwiddie
203915,Spencer Dinwiddie
203915,Spencer Dinwiddie
892,Spud Webb
1626169,Stanley Johnson
1626169,Stanley Johnson
203828,Stefanie Dolson
203828,Stefanie Dolson
1641654,Stephanie Soares
203855,Stephanie Talbot
201939,Steph Curry
201939,Steph Curry
1642264,Stephon Castle
950,Stephon Marbury
950,Stephon Marbury
1628425,Sterling Brown
1883,Steve Francis
1883,Steve Francis
203500,Steven Adams
203500,Steven Adams
203500,Steven Adams
959,Steve Nash
959,Steve Nash
2031,Stromile Swift
100720,Sue Bird
100720,Sue Bird
1630134,Sug Sutton
1629004,Svi Mykhailiuk
1629004,Svi Mykhailiuk
1629004,Svi Mykhailiuk
100721,Swin Cash
100721,Swin Cash
202641,Sydney Colson
1628282,Sydney Wiese
201480,Sylvia Fowles
201480,Sylvia Fowles
201480,Sylvia Fowles
1629605,Tacko Fall
1629605,Tacko Fall
201959,Taj Gibson
100412,Taj McWilliams-Franklin
1629659,Talen Horton-Tucker
1629659,Talen Horton-Tucker
100646,Tamika Catchings
1631106,Tari Eason
1627752,Taurean Prince
1627752,Taurean Prince
1627752,Taurean Prince
1641707,Taylor Hendricks
1630099,Te'a Cooper
1629479,Teaira McCowan
1629479,Teaira McCowan
1627701,Temi Fagbenle
1629611,Terance Mann
1629056,Terence Davis
1629056,Terence Davis
100101,Teresa Weatherspoon
203082,Terrence Ross
203082,Terrence Ross
187,Terry Cummings
345,Terry Porter
1626179,Terry Rozier
1626179,Terry Rozier
201152,Thaddeus Young
203648,Thanasis Antetokounmpo
1630177,Théo Maledon
1628418,Thomas Bryant
1628418,Thomas Bryant
100234,Ticha Penicheiro
1642275,Tidjane Salaün
203026,Tiffany Hayes
203026,Tiffany Hayes
203026,Tiffany Hayes
1627676,Tiffany Mitchell
1627676,Tiffany Mitchell
1627676,Tiffany Mitchell
1495,Tim Duncan
1495,Tim Duncan
896,Tim Hardaway
203501,Tim Hardaway Jr.
203501,Tim Hardaway Jr.
202250,Tina Charles
202250,Tina Charles
202250,Tina Charles
202250,Tina Charles
100076,Tina Thompson
204456,T.J. McConnell
204456,T.J. McConnell
203933,T.J. Warren
202699,Tobias Harris
203107,Tomáš Satoranský
1472,Tom Chambers
1472,Tom Chambers
2754,Tony Allen
2225,Tony Parker
203503,Tony Snell
1628470,Torrey Craig
1628470,Torrey Craig
1641739,Toumani Camara
1503,Tracy McGrady
1503,Tracy McGrady
1629027,Trae Young
1629027,Trae Young
1631218,Trayce Jackson-Davis
1630200,Tre Jones
1630544,Tre Mann
1630544,Tre Mann
1629682,Tremont Waters
1630570,Trendon Watford
2772,Trevor Ariza
2772,Trevor Ariza
202344,Trevor Booker
203504,Trey Burke
1626168,Trey Lyles
1626168,Trey Lyles
1626168,Trey Lyles
1630530,Trey Murphy III
1641783,Tristan da Silva
202684,Tristan Thompson
202684,Tristan Thompson
1641774,Tristan Vukcevic
1628972,Troy Brown Jr.
1628972,Troy Brown Jr.
1630112,Tyasha Harris
1629660,Ty Jerome
201951,Ty Lawson
1629639,Tyler Herro
1642278,Tyler Kolek
203092,Tyler Zeller
1630169,Tyrese Haliburton
1630169,Tyrese Haliburton
1630169,Tyrese Haliburton
1630178,Tyrese Maxey
1630178,Tyrese Maxey
2199,Tyson Chandler
2199,Tyson Chandler
1631102,TyTy Washington Jr.
1626145,Tyus Jones
1626145,Tyus Jones
1626145,Tyus Jones
1628962,Udoka Azubuike
2617,Udonis Haslem
1630586,Usman Garuba
203995,Vasilije Micić
1631007,Veronica Burton
1628927,Victoria Vivians
1628927,Victoria Vivians
203506,Victor Oladipo
203506,Victor Oladipo
203506,Victor Oladipo
203506,Victor Oladipo
1641705,Victor Wembanyama
1713,Vince Carter
1713,Vince Carter
1713,Vince Carter
1631246,Vince Williams Jr.
77167,Vinnie Johnson
1630249,Vit Krejci
124,Vlade Divac
1628427,Vlatko Cančar
1631117,Walker Kessler
1887,Wally Szczerbiak
1453,Walter Davis
1628976,Wendell Carter Jr.
1628976,Wendell Carter Jr.
1631111,Wendell Moore Jr.
202083,Wesley Matthews
203115,Will Barton
203115,Will Barton
1626161,Willie Cauley-Stein
201163,Wilson Chandler
1365,Xavier McDaniel
1630214,Xavier Tillman
100419,Yolanda Griffith
1629139,Yuta Watanabe
1629139,Yuta Watanabe
1642258,Zaccharie Risacher
1628380,Zach Collins
1641744,Zach Edey
203897,Zach LaVine
203897,Zach LaVine
203897,Zach LaVine
2216,Zach Randolph
1630192,Zeke Nnaji
1641660,Zia Cooke
1630533,Ziaire Williams
1629627,Zion Williamson
1629627,Zion Williamson
980,Zydrunas Ilgauskas
